{"acc": 0.9528876436514225, "loss": 0.120166962222212, "_timestamp": 1679942364.209048, "_runtime": 0.6359729766845703, "_step": 7, "_wandb": {"runtime": 0}}